engine_id,true_RUL,pred_RUL,error
1,72,71.01433,0.9856719970703125
1,71,65.50471,5.495292663574219
1,70,57.901535,12.098464965820312
1,69,54.97579,14.024211883544922
1,68,53.46416,14.535839080810547
1,67,51.3942,15.60580062866211
1,66,54.309906,11.690093994140625
1,65,55.66934,9.33066177368164
1,64,55.548267,8.451732635498047
1,63,55.621952,7.378047943115234
1,62,54.457912,7.542087554931641
1,61,55.176838,5.823162078857422
1,60,53.908195,6.091804504394531
1,59,53.599777,5.4002227783203125
1,58,54.91171,3.0882911682128906
1,57,56.802364,0.19763565063476562
1,56,60.386024,-4.386024475097656
1,55,60.816334,-5.816333770751953
1,54,62.01067,-8.010669708251953
1,53,60.087574,-7.087574005126953
1,52,57.75615,-5.7561492919921875
1,51,57.39721,-6.397209167480469
1,50,56.616467,-6.616466522216797
1,49,58.290756,-9.290756225585938
1,48,60.562286,-12.562286376953125
1,47,59.0261,-12.026100158691406
1,46,59.95457,-13.954570770263672
1,45,60.388905,-15.388904571533203
1,44,61.78784,-17.787841796875
1,43,59.894825,-16.894824981689453
1,42,58.6247,-16.624698638916016
1,41,56.402225,-15.402225494384766
1,40,50.140526,-10.140525817871094
1,39,47.604572,-8.604572296142578
1,38,44.129135,-6.1291351318359375
1,37,44.18206,-7.182060241699219
1,36,43.863617,-7.863616943359375
1,35,44.249443,-9.249443054199219
1,34,44.779568,-10.77956771850586
1,33,43.30177,-10.301769256591797
1,32,37.971832,-5.971832275390625
1,31,35.790768,-4.790767669677734
1,30,34.31116,-4.311161041259766
1,29,32.36831,-3.3683090209960938
1,28,31.023262,-3.0232620239257812
1,27,32.546722,-5.546722412109375
1,26,30.112679,-4.112678527832031
1,25,29.964436,-4.964435577392578
1,24,31.376392,-7.376392364501953
1,23,31.369268,-8.369268417358398
1,22,29.72885,-7.728849411010742
1,21,27.89999,-6.899990081787109
1,20,27.083994,-7.083993911743164
1,19,25.696857,-6.696857452392578
1,18,25.064537,-7.064537048339844
1,17,23.09441,-6.094409942626953
1,16,22.681585,-6.681585311889648
1,15,19.595678,-4.595678329467773
1,14,18.145168,-4.145168304443359
1,13,18.201395,-5.201395034790039
1,12,18.50013,-6.500129699707031
1,11,17.632814,-6.632814407348633
1,10,15.597675,-5.597675323486328
1,9,14.872645,-5.872645378112793
1,8,12.338133,-4.338132858276367
1,7,11.230688,-4.230688095092773
1,6,11.048486,-5.04848575592041
1,5,10.025867,-5.025867462158203
1,4,9.411354,-5.411354064941406
1,3,8.25029,-5.2502899169921875
1,2,7.165615,-5.165615081787109
1,1,6.762806,-5.762805938720703
1,0,6.3163824,-6.31638240814209
5,100,98.07158,1.9284210205078125
5,100,97.6861,2.31390380859375
5,100,98.28546,1.71453857421875
5,100,98.567726,1.4322738647460938
5,100,98.277504,1.7224960327148438
5,100,98.476425,1.5235748291015625
5,100,98.44581,1.5541915893554688
5,100,98.33959,1.6604080200195312
5,100,97.075424,2.9245758056640625
5,100,97.52449,2.4755096435546875
5,100,96.489395,3.5106048583984375
5,100,96.704384,3.2956161499023438
5,100,97.24737,2.7526321411132812
5,100,96.79751,3.2024917602539062
5,100,97.63957,2.3604278564453125
5,100,98.12764,1.8723602294921875
5,100,98.52776,1.4722366333007812
5,100,98.67999,1.32000732421875
5,100,98.788345,1.2116546630859375
5,100,98.863106,1.1368942260742188
5,100,98.566925,1.433074951171875
5,100,98.63552,1.3644790649414062
5,100,98.703094,1.296905517578125
5,100,98.78624,1.2137603759765625
5,100,98.78445,1.2155532836914062
5,100,98.785866,1.2141342163085938
5,100,98.10049,1.8995132446289062
5,100,98.31462,1.6853790283203125
5,100,98.523766,1.4762344360351562
5,100,98.416405,1.5835952758789062
5,100,98.29317,1.7068328857421875
5,100,98.19641,1.8035888671875
5,100,98.252335,1.7476654052734375
5,100,98.19055,1.8094482421875
5,100,98.18739,1.8126068115234375
5,100,98.25491,1.745086669921875
5,100,97.88604,2.1139602661132812
5,100,97.60106,2.3989410400390625
5,100,97.37779,2.6222076416015625
5,100,97.12018,2.87982177734375
5,100,96.278824,3.7211761474609375
5,100,96.728966,3.2710342407226562
5,100,97.26601,2.7339935302734375
5,100,96.34593,3.6540679931640625
5,100,96.113464,3.88653564453125
5,100,94.913895,5.0861053466796875
5,100,94.357254,5.6427459716796875
5,100,94.33599,5.664009094238281
5,100,92.57863,7.4213714599609375
5,100,90.430275,9.569725036621094
5,99,87.41506,11.584938049316406
5,98,86.34079,11.659210205078125
5,97,85.793655,11.206344604492188
5,96,85.16759,10.832412719726562
5,95,86.40158,8.598419189453125
5,94,87.64546,6.3545379638671875
5,93,87.14887,5.851127624511719
5,92,87.82679,4.173210144042969
5,91,88.08987,2.9101333618164062
5,90,87.65389,2.3461074829101562
5,89,87.16341,1.8365936279296875
5,88,87.507385,0.49261474609375
5,87,87.40715,-0.4071502685546875
5,86,87.57837,-1.578369140625
5,85,86.664894,-1.6648941040039062
5,84,83.86574,0.1342620849609375
5,83,84.6483,-1.6483001708984375
5,82,84.12008,-2.1200790405273438
5,81,82.04109,-1.0410919189453125
5,80,79.5188,0.481201171875
5,79,77.79001,1.209991455078125
5,78,77.65722,0.34278106689453125
5,77,75.27974,1.7202606201171875
5,76,72.42044,3.579559326171875
5,75,72.4305,2.5695037841796875
5,74,71.44177,2.5582275390625
5,73,69.01024,3.9897613525390625
5,72,69.89116,2.1088409423828125
5,71,68.70768,2.2923202514648438
5,70,66.21445,3.785552978515625
5,69,67.16827,1.8317337036132812
5,68,67.26083,0.739166259765625
5,67,66.3315,0.6685028076171875
5,66,63.39552,2.604480743408203
5,65,60.152,4.847999572753906
5,64,62.2094,1.7905998229980469
5,63,61.730145,1.2698554992675781
5,62,59.22456,2.775440216064453
5,61,56.029655,4.970344543457031
5,60,54.36811,5.631889343261719
5,59,51.06947,7.930530548095703
5,58,49.959614,8.040386199951172
5,57,48.152565,8.847434997558594
5,56,47.153404,8.846595764160156
5,55,47.10589,7.894111633300781
5,54,44.159214,9.84078598022461
5,53,42.502174,10.497825622558594
5,52,42.196968,9.803031921386719
5,51,42.87169,8.128311157226562
5,50,42.053772,7.94622802734375
5,49,42.016342,6.9836578369140625
5,48,40.8372,7.162799835205078
5,47,39.07776,7.9222412109375
5,46,38.87051,7.129489898681641
5,45,38.287643,6.7123565673828125
5,44,37.315052,6.684947967529297
5,43,37.6132,5.386798858642578
5,42,36.697144,5.3028564453125
5,41,35.64524,5.354759216308594
5,40,34.38548,5.614521026611328
5,39,34.147724,4.852275848388672
5,38,34.479805,3.5201950073242188
5,37,34.80737,2.1926307678222656
5,36,33.882412,2.1175880432128906
5,35,33.744255,1.2557449340820312
5,34,31.819225,2.180774688720703
5,33,31.430426,1.5695743560791016
5,32,29.969252,2.0307483673095703
5,31,29.720339,1.2796611785888672
5,30,30.102175,-0.10217475891113281
5,29,29.601566,-0.6015663146972656
5,28,28.908195,-0.9081954956054688
5,27,27.383015,-0.3830146789550781
5,26,26.032406,-0.032405853271484375
5,25,25.671183,-0.6711826324462891
5,24,24.68606,-0.6860599517822266
5,23,22.401684,0.5983161926269531
5,22,20.47618,1.5238208770751953
5,21,19.74046,1.2595405578613281
5,20,18.288233,1.7117671966552734
5,19,18.223347,0.7766532897949219
5,18,16.973217,1.0267829895019531
5,17,16.118961,0.8810386657714844
5,16,14.672345,1.3276548385620117
5,15,14.086749,0.9132509231567383
5,14,12.709002,1.2909984588623047
5,13,11.48809,1.5119104385375977
5,12,10.543012,1.4569883346557617
5,11,10.349633,0.6503667831420898
5,10,8.857522,1.1424779891967773
5,9,8.214724,0.7852764129638672
5,8,7.841361,0.15863895416259766
5,7,7.311389,-0.3113889694213867
5,6,5.9123173,0.08768272399902344
5,5,4.737073,0.2629270553588867
5,4,4.158448,-0.1584482192993164
5,3,3.6099672,-0.6099672317504883
5,2,3.1555405,-1.1555404663085938
5,1,2.9853716,-1.9853715896606445
5,0,2.7567892,-2.756789207458496
11,100,98.884995,1.1150054931640625
11,100,98.7221,1.2779006958007812
11,100,98.57021,1.4297866821289062
11,100,98.65022,1.3497772216796875
11,100,98.54465,1.455352783203125
11,100,98.02914,1.9708633422851562
11,100,98.34398,1.6560211181640625
11,100,98.35548,1.6445236206054688
11,100,98.28604,1.713958740234375
11,100,97.7037,2.2963027954101562
11,100,97.96207,2.037933349609375
11,100,98.238625,1.7613754272460938
11,100,98.63542,1.3645782470703125
11,100,98.75015,1.249847412109375
11,100,98.4842,1.5158004760742188
11,100,98.23872,1.7612762451171875
11,100,98.48651,1.51348876953125
11,100,98.61895,1.3810501098632812
11,100,98.7454,1.2546005249023438
11,100,98.77092,1.2290802001953125
11,100,98.46114,1.5388565063476562
11,99,98.0309,0.9691009521484375
11,98,98.27878,-0.278778076171875
11,97,98.18492,-1.1849212646484375
11,96,98.15363,-2.1536331176757812
11,95,96.795425,-1.7954254150390625
11,94,96.31472,-2.3147201538085938
11,93,93.67476,-0.6747589111328125
11,92,87.99093,4.009071350097656
11,91,80.9929,10.007102966308594
11,90,80.87034,9.129661560058594
11,89,79.40147,9.598533630371094
11,88,77.576065,10.423934936523438
11,87,73.65713,13.342872619628906
11,86,72.72843,13.271568298339844
11,85,73.27028,11.729721069335938
11,84,74.168274,9.83172607421875
11,83,72.86066,10.13934326171875
11,82,71.13823,10.861770629882812
11,81,71.055374,9.944625854492188
11,80,67.87783,12.122169494628906
11,79,66.94427,12.055732727050781
11,78,63.99801,14.001991271972656
11,77,65.467316,11.532684326171875
11,76,65.176384,10.823616027832031
11,75,62.770634,12.229366302490234
11,74,61.109287,12.89071273803711
11,73,58.874325,14.125675201416016
11,72,56.848892,15.151107788085938
11,71,57.7039,13.296100616455078
11,70,58.739426,11.260574340820312
11,69,58.227585,10.772415161132812
11,68,59.450886,8.549114227294922
11,67,61.088295,5.911705017089844
11,66,61.326023,4.673976898193359
11,65,60.892708,4.107292175292969
11,64,60.940838,3.059162139892578
11,63,60.18571,2.814289093017578
11,62,59.956043,2.043956756591797
11,61,57.74692,3.2530784606933594
11,60,56.86645,3.1335487365722656
11,59,56.386005,2.613994598388672
11,58,55.577118,2.422882080078125
11,57,56.08994,0.9100608825683594
11,56,52.581734,3.4182662963867188
11,55,50.974678,4.025321960449219
11,54,50.22413,3.7758712768554688
11,53,50.207912,2.7920875549316406
11,52,48.549995,3.4500045776367188
11,51,47.987392,3.0126075744628906
11,50,48.179455,1.8205451965332031
11,49,48.28743,0.7125701904296875
11,48,48.92653,-0.9265289306640625
11,47,48.25543,-1.2554283142089844
11,46,47.76247,-1.7624702453613281
11,45,45.498817,-0.49881744384765625
11,44,42.220867,1.7791328430175781
11,43,42.961395,0.038604736328125
11,42,41.651962,0.3480377197265625
11,41,41.187183,-0.18718338012695312
11,40,39.81953,0.18046951293945312
11,39,39.394768,-0.39476776123046875
11,38,37.729458,0.2705421447753906
11,37,37.788948,-0.7889480590820312
11,36,36.937977,-0.9379768371582031
11,35,36.013783,-1.0137825012207031
11,34,34.941174,-0.9411735534667969
11,33,34.86421,-1.8642082214355469
11,32,35.18774,-3.1877403259277344
11,31,34.704197,-3.7041969299316406
11,30,32.483234,-2.483234405517578
11,29,32.764442,-3.7644424438476562
11,28,32.343826,-4.3438262939453125
11,27,30.637512,-3.63751220703125
11,26,29.58526,-3.5852603912353516
11,25,29.141613,-4.141613006591797
11,24,27.957354,-3.9573535919189453
11,23,28.237427,-5.2374267578125
11,22,26.058567,-4.058567047119141
11,21,24.511642,-3.5116424560546875
11,20,23.025488,-3.0254878997802734
11,19,22.26245,-3.262449264526367
11,18,22.278385,-4.278385162353516
11,17,21.590548,-4.590547561645508
11,16,21.218376,-5.218376159667969
11,15,19.612347,-4.612346649169922
11,14,18.056398,-4.056398391723633
11,13,15.515206,-2.5152063369750977
11,12,13.782418,-1.7824182510375977
11,11,13.866266,-2.8662662506103516
11,10,12.627409,-2.627408981323242
11,9,12.2420435,-3.2420434951782227
11,8,11.585909,-3.585908889770508
11,7,11.398181,-4.398180961608887
11,6,10.958102,-4.958102226257324
11,5,10.754703,-5.754702568054199
11,4,8.872379,-4.872379302978516
11,3,7.960061,-4.960061073303223
11,2,6.5359974,-4.53599739074707
11,1,5.5136757,-4.513675689697266
11,0,4.7962394,-4.796239376068115
13,43,49.771698,-6.771697998046875
13,42,48.790268,-6.7902679443359375
13,41,48.188866,-7.188865661621094
13,40,48.707535,-8.707534790039062
13,39,46.529316,-7.529315948486328
13,38,46.20269,-8.202690124511719
13,37,44.765076,-7.76507568359375
13,36,44.53474,-8.534740447998047
13,35,42.955357,-7.955356597900391
13,34,43.524963,-9.52496337890625
13,33,42.251125,-9.25112533569336
13,32,40.132996,-8.13299560546875
13,31,38.86796,-7.867961883544922
13,30,39.196304,-9.196304321289062
13,29,38.49712,-9.497119903564453
13,28,38.826893,-10.826892852783203
13,27,37.072308,-10.072307586669922
13,26,37.393883,-11.393882751464844
13,25,37.582447,-12.582447052001953
13,24,36.26713,-12.267131805419922
13,23,34.30994,-11.309940338134766
13,22,33.524876,-11.52487564086914
13,21,31.70164,-10.701639175415039
13,20,30.952478,-10.952478408813477
13,19,30.648418,-11.648418426513672
13,18,30.54267,-12.542669296264648
13,17,28.773611,-11.773611068725586
13,16,27.713589,-11.71358871459961
13,15,26.188005,-11.188005447387695
13,14,24.179712,-10.179712295532227
13,13,23.40636,-10.406360626220703
13,12,21.444538,-9.444538116455078
13,11,21.026413,-10.026412963867188
13,10,20.63617,-10.63616943359375
13,9,20.159895,-11.159894943237305
13,8,18.86214,-10.862140655517578
13,7,17.847544,-10.847543716430664
13,6,15.426813,-9.426813125610352
13,5,14.558448,-9.55844783782959
13,4,12.078352,-8.078351974487305
13,3,10.221011,-7.221011161804199
13,2,9.086106,-7.086106300354004
13,1,7.8230295,-6.823029518127441
13,0,6.6266747,-6.626674652099609
19,38,62.128036,-24.128036499023438
19,37,57.67417,-20.674171447753906
19,36,53.374077,-17.37407684326172
19,35,50.91199,-15.911991119384766
19,34,50.53297,-16.532970428466797
19,33,48.002926,-15.002925872802734
19,32,47.86872,-15.868721008300781
19,31,48.727787,-17.727787017822266
19,30,46.21165,-16.211650848388672
19,29,46.81824,-17.818241119384766
19,28,44.60206,-16.60205841064453
19,27,45.019547,-18.019546508789062
19,26,44.18002,-18.18001937866211
19,25,43.319637,-18.319637298583984
19,24,42.499096,-18.499095916748047
19,23,41.090656,-18.090656280517578
19,22,39.496532,-17.496532440185547
19,21,38.296352,-17.29635238647461
19,20,36.171295,-16.171295166015625
19,19,32.97394,-13.973941802978516
19,18,31.468462,-13.468461990356445
19,17,32.885265,-15.885265350341797
19,16,32.437473,-16.43747329711914
19,15,28.971468,-13.971467971801758
19,14,27.923918,-13.923917770385742
19,13,28.940945,-15.94094467163086
19,12,27.998215,-15.998214721679688
19,11,26.069962,-15.069961547851562
19,10,25.05544,-15.055440902709961
19,9,23.446148,-14.446147918701172
19,8,21.977377,-13.977376937866211
19,7,19.938747,-12.93874740600586
19,6,19.609856,-13.609855651855469
19,5,18.65824,-13.658239364624023
19,4,17.159836,-13.159835815429688
19,3,16.70185,-13.701850891113281
19,2,15.78836,-13.788359642028809
19,1,15.924139,-14.924139022827148
19,0,13.761441,-13.761441230773926
23,48,54.726467,-6.726467132568359
23,47,59.45867,-12.458671569824219
23,46,63.933823,-17.933822631835938
23,45,63.176147,-18.1761474609375
23,44,60.385178,-16.385177612304688
23,43,61.887856,-18.887855529785156
23,42,59.92868,-17.928680419921875
23,41,58.894787,-17.894786834716797
23,40,57.93146,-17.931461334228516
23,39,53.636,-14.636001586914062
23,38,52.897045,-14.897045135498047
23,37,48.67324,-11.673240661621094
23,36,43.974308,-7.974308013916016
23,35,43.924824,-8.924823760986328
23,34,46.05766,-12.057659149169922
23,33,46.831783,-13.831783294677734
23,32,46.928665,-14.928665161132812
23,31,44.719543,-13.71954345703125
23,30,44.98182,-14.981819152832031
23,29,41.975937,-12.975936889648438
23,28,42.006443,-14.00644302368164
23,27,42.765495,-15.765495300292969
23,26,42.78788,-16.787879943847656
23,25,41.647366,-16.64736557006836
23,24,41.55766,-17.557659149169922
23,23,39.926956,-16.926956176757812
23,22,38.313904,-16.31390380859375
23,21,37.16044,-16.160438537597656
23,20,34.91083,-14.910831451416016
23,19,33.503365,-14.503364562988281
23,18,31.70495,-13.704950332641602
23,17,29.783201,-12.783201217651367
23,16,28.375574,-12.375574111938477
23,15,27.478048,-12.478048324584961
23,14,25.594986,-11.594985961914062
23,13,26.127174,-13.127174377441406
23,12,27.897831,-15.897830963134766
23,11,26.244766,-15.244766235351562
23,10,24.480316,-14.480316162109375
23,9,23.212566,-14.212566375732422
23,8,22.67791,-14.677909851074219
23,7,22.860048,-15.860048294067383
23,6,20.834759,-14.834758758544922
23,5,21.143908,-16.14390754699707
23,4,19.487173,-15.487173080444336
23,3,18.674782,-15.674781799316406
23,2,17.210945,-15.210945129394531
23,1,14.859588,-13.859587669372559
23,0,13.4368725,-13.436872482299805
31,100,98.852295,1.147705078125
31,100,98.94445,1.0555496215820312
31,100,98.945526,1.054473876953125
31,100,98.909584,1.0904159545898438
31,100,98.8902,1.10980224609375
31,100,98.515144,1.4848556518554688
31,100,98.52834,1.4716567993164062
31,100,98.24535,1.7546463012695312
31,100,98.333755,1.6662445068359375
31,100,98.22398,1.7760162353515625
31,100,98.47068,1.5293197631835938
31,100,98.23871,1.76129150390625
31,100,98.52226,1.4777374267578125
31,100,98.65421,1.3457870483398438
31,100,98.05099,1.9490127563476562
31,99,98.195885,0.8041152954101562
31,98,97.494064,0.5059356689453125
31,97,96.44428,0.5557174682617188
31,96,96.493774,-0.4937744140625
31,95,95.33081,-0.330810546875
31,94,95.19885,-1.1988525390625
31,93,95.93659,-2.9365921020507812
31,92,96.75545,-4.7554473876953125
31,91,96.70788,-5.707878112792969
31,90,97.25634,-7.256340026855469
31,89,96.47524,-7.475242614746094
31,88,96.01631,-8.016311645507812
31,87,93.60291,-6.602912902832031
31,86,90.34364,-4.3436431884765625
31,85,86.60859,-1.6085891723632812
31,84,84.80217,-0.8021697998046875
31,83,80.25734,2.7426605224609375
31,82,80.7328,1.2671966552734375
31,81,78.93069,2.0693130493164062
31,80,78.885254,1.11474609375
31,79,75.49604,3.5039596557617188
31,78,72.55918,5.440818786621094
31,77,70.64084,6.359161376953125
31,76,68.48304,7.516960144042969
31,75,67.49548,7.5045166015625
31,74,65.41539,8.584609985351562
31,73,63.015553,9.984447479248047
31,72,62.637405,9.362594604492188
31,71,63.077457,7.922542572021484
31,70,64.66504,5.3349609375
31,69,64.38057,4.6194305419921875
31,68,62.136703,5.8632965087890625
31,67,60.26369,6.736309051513672
31,66,59.450813,6.549186706542969
31,65,60.25591,4.744091033935547
31,64,58.291428,5.7085723876953125
31,63,57.57972,5.420280456542969
31,62,57.01448,4.9855194091796875
31,61,55.716957,5.283042907714844
31,60,55.758163,4.2418365478515625
31,59,54.583557,4.41644287109375
31,58,50.665695,7.3343048095703125
31,57,50.24674,6.753261566162109
31,56,49.500603,6.499397277832031
31,55,46.719124,8.280876159667969
31,54,46.90984,7.090160369873047
31,53,47.835796,5.164203643798828
31,52,46.82753,5.1724700927734375
31,51,46.69026,4.3097381591796875
31,50,45.671345,4.328655242919922
31,49,42.795765,6.204235076904297
31,48,41.279316,6.720684051513672
31,47,41.5974,5.402599334716797
31,46,40.31137,5.688629150390625
31,45,40.6146,4.385398864746094
31,44,40.264736,3.7352638244628906
31,43,39.78922,3.2107810974121094
31,42,40.234932,1.7650680541992188
31,41,40.040844,0.9591560363769531
31,40,39.76962,0.23038101196289062
31,39,39.148735,-0.14873504638671875
31,38,37.252876,0.7471237182617188
31,37,35.472366,1.5276336669921875
31,36,35.423084,0.5769157409667969
31,35,34.714333,0.28566741943359375
31,34,33.46677,0.5332298278808594
31,33,30.347168,2.65283203125
31,32,29.835144,2.16485595703125
31,31,29.613811,1.3861885070800781
31,30,29.623314,0.37668609619140625
31,29,29.82202,-0.8220195770263672
31,28,28.32845,-0.3284492492675781
31,27,28.928102,-1.9281024932861328
31,26,26.89966,-0.8996601104736328
31,25,27.619455,-2.619455337524414
31,24,26.768196,-2.7681961059570312
31,23,24.57467,-1.5746707916259766
31,22,23.322834,-1.3228340148925781
31,21,23.313211,-2.313211441040039
31,20,22.76689,-2.7668895721435547
31,19,23.079655,-4.079654693603516
31,18,23.286385,-5.286384582519531
31,17,22.451635,-5.451635360717773
31,16,20.088343,-4.088342666625977
31,15,18.718414,-3.718414306640625
31,14,17.563354,-3.5633544921875
31,13,16.507952,-3.5079517364501953
31,12,16.161993,-4.161993026733398
31,11,15.004221,-4.004220962524414
31,10,13.438141,-3.438140869140625
31,9,12.566431,-3.5664310455322266
31,8,11.792072,-3.792072296142578
31,7,10.599285,-3.599285125732422
31,6,10.096447,-4.096446990966797
31,5,8.193019,-3.193018913269043
31,4,7.135025,-3.1350250244140625
31,3,6.059472,-3.05947208404541
31,2,5.5080385,-3.5080385208129883
31,1,5.065193,-4.065193176269531
31,0,4.345371,-4.345370769500732
32,71,81.8226,-10.822601318359375
32,70,82.24557,-12.245567321777344
32,69,82.33763,-13.337631225585938
32,68,79.28587,-11.285873413085938
32,67,77.96967,-10.969673156738281
32,66,78.78948,-12.789482116699219
32,65,78.72775,-13.727752685546875
32,64,81.05376,-17.053756713867188
32,63,82.410095,-19.41009521484375
32,62,83.0911,-21.091102600097656
32,61,84.63253,-23.632530212402344
32,60,84.15079,-24.150787353515625
32,59,83.65501,-24.655006408691406
32,58,83.2388,-25.238800048828125
32,57,78.139725,-21.139724731445312
32,56,76.79354,-20.793540954589844
32,55,72.128845,-17.12884521484375
32,54,70.22138,-16.22138214111328
32,53,68.602715,-15.602714538574219
32,52,68.81686,-16.816856384277344
32,51,68.696846,-17.69684600830078
32,50,69.495735,-19.49573516845703
32,49,66.64793,-17.647926330566406
32,48,62.36707,-14.367069244384766
32,47,61.569893,-14.569892883300781
32,46,59.333633,-13.333633422851562
32,45,58.285145,-13.285144805908203
32,44,59.714104,-15.714103698730469
32,43,59.7864,-16.786399841308594
32,42,58.736706,-16.736705780029297
32,41,59.93318,-18.933181762695312
32,40,59.37712,-19.377120971679688
32,39,58.824333,-19.82433319091797
32,38,57.560234,-19.56023406982422
32,37,54.8815,-17.881500244140625
32,36,54.382984,-18.382984161376953
32,35,53.21613,-18.216129302978516
32,34,54.3876,-20.38759994506836
32,33,52.08008,-19.080078125
32,32,47.169655,-15.169654846191406
32,31,47.12303,-16.123031616210938
32,30,43.29679,-13.296791076660156
32,29,43.63276,-14.632759094238281
32,28,42.53305,-14.533050537109375
32,27,41.93798,-14.937980651855469
32,26,40.962296,-14.962295532226562
32,25,39.67253,-14.672531127929688
32,24,36.863766,-12.863765716552734
32,23,35.878216,-12.878215789794922
32,22,34.958508,-12.958507537841797
32,21,35.994286,-14.994285583496094
32,20,35.32469,-15.324691772460938
32,19,34.649998,-15.64999771118164
32,18,31.48818,-13.488180160522461
32,17,30.723234,-13.723234176635742
32,16,29.915478,-13.915477752685547
32,15,29.239698,-14.23969841003418
32,14,27.552774,-13.552774429321289
32,13,26.0621,-13.06209945678711
32,12,24.004477,-12.004476547241211
32,11,23.865805,-12.865804672241211
32,10,22.532581,-12.532581329345703
32,9,23.540308,-14.540307998657227
32,8,24.158281,-16.158281326293945
32,7,23.669685,-16.66968536376953
32,6,22.326803,-16.32680320739746
32,5,21.328821,-16.328821182250977
32,4,21.47106,-17.471059799194336
32,3,20.247292,-17.247291564941406
32,2,19.203535,-17.203535079956055
32,1,17.480566,-16.480566024780273
32,0,15.71023,-15.710229873657227
34,75,90.64963,-15.649627685546875
34,74,88.663605,-14.663604736328125
34,73,85.29226,-12.292259216308594
34,72,83.62845,-11.628448486328125
34,71,80.43815,-9.438148498535156
34,70,77.83069,-7.8306884765625
34,69,74.757355,-5.757354736328125
34,68,73.849365,-5.849365234375
34,67,71.04269,-4.042686462402344
34,66,71.067474,-5.067474365234375
34,65,69.95991,-4.959907531738281
34,64,69.763176,-5.763175964355469
34,63,66.59026,-3.5902633666992188
34,62,62.77715,-0.7771492004394531
34,61,60.636276,0.3637237548828125
34,60,59.279568,0.7204322814941406
34,59,56.908073,2.0919265747070312
34,58,57.292587,0.7074127197265625
34,57,57.667175,-0.66717529296875
34,56,56.668087,-0.6680870056152344
34,55,55.177177,-0.17717742919921875
34,54,56.576202,-2.576202392578125
34,53,57.463745,-4.4637451171875
34,52,56.38915,-4.389148712158203
34,51,55.261192,-4.261192321777344
34,50,55.383663,-5.383663177490234
34,49,54.017963,-5.017963409423828
34,48,52.465164,-4.4651641845703125
34,47,49.166878,-2.1668777465820312
34,46,48.982586,-2.982585906982422
34,45,47.652325,-2.652324676513672
34,44,46.247902,-2.2479019165039062
34,43,45.546963,-2.5469627380371094
34,42,43.716606,-1.7166061401367188
34,41,42.41143,-1.4114303588867188
34,40,42.343216,-2.3432159423828125
34,39,42.360283,-3.3602828979492188
34,38,42.88687,-4.886871337890625
34,37,41.80305,-4.803050994873047
34,36,39.32825,-3.3282508850097656
34,35,39.062508,-4.062507629394531
34,34,39.747242,-5.747241973876953
34,33,39.370983,-6.370983123779297
34,32,38.08841,-6.088409423828125
34,31,36.092735,-5.092735290527344
34,30,33.88854,-3.888538360595703
34,29,33.966232,-4.9662322998046875
34,28,34.518387,-6.5183868408203125
34,27,33.49961,-6.499610900878906
34,26,32.001373,-6.001373291015625
34,25,31.018818,-6.018817901611328
34,24,31.759754,-7.759754180908203
34,23,30.11727,-7.117269515991211
34,22,28.842264,-6.842264175415039
34,21,27.743677,-6.743677139282227
34,20,27.343575,-7.343574523925781
34,19,27.467173,-8.467172622680664
34,18,27.159616,-9.159616470336914
34,17,25.533735,-8.533735275268555
34,16,24.26895,-8.268949508666992
34,15,24.52567,-9.52566909790039
34,14,23.675705,-9.675704956054688
34,13,22.270494,-9.27049446105957
34,12,19.982635,-7.982635498046875
34,11,18.690948,-7.690948486328125
34,10,16.924675,-6.924674987792969
34,9,14.687304,-5.68730354309082
34,8,13.025844,-5.025843620300293
34,7,12.107508,-5.107507705688477
34,6,10.686303,-4.68630313873291
34,5,10.014745,-5.014744758605957
34,4,8.799434,-4.799433708190918
34,3,8.2214365,-5.221436500549316
34,2,7.3145943,-5.314594268798828
34,1,6.349002,-5.349001884460449
34,0,5.2762003,-5.276200294494629
40,68,68.88451,-0.8845062255859375
40,67,70.10463,-3.1046295166015625
40,66,70.649765,-4.6497650146484375
40,65,70.91533,-5.9153289794921875
40,64,70.47395,-6.4739532470703125
40,63,71.17373,-8.173728942871094
40,62,69.14991,-7.149909973144531
40,61,69.08823,-8.088226318359375
40,60,66.11845,-6.118446350097656
40,59,63.06402,-4.064018249511719
40,58,62.385292,-4.385292053222656
40,57,60.187973,-3.1879730224609375
40,56,59.97483,-3.9748306274414062
40,55,57.626255,-2.6262550354003906
40,54,58.552784,-4.552783966064453
40,53,59.052753,-6.052753448486328
40,52,59.867905,-7.8679046630859375
40,51,61.60711,-10.607109069824219
40,50,60.99167,-10.991668701171875
40,49,61.93251,-12.932510375976562
40,48,62.22282,-14.222820281982422
40,47,60.510468,-13.510467529296875
40,46,60.00012,-14.000118255615234
40,45,58.62022,-13.620220184326172
40,44,57.63958,-13.639579772949219
40,43,55.601532,-12.601531982421875
40,42,55.71693,-13.716930389404297
40,41,55.811462,-14.81146240234375
40,40,52.950443,-12.950443267822266
40,39,54.134907,-15.134906768798828
40,38,53.67427,-15.674270629882812
40,37,53.871593,-16.871593475341797
40,36,52.95044,-16.950439453125
40,35,52.65011,-17.650108337402344
40,34,50.9206,-16.92060089111328
40,33,49.031704,-16.03170394897461
40,32,45.33134,-13.331340789794922
40,31,45.24256,-14.242561340332031
40,30,44.017693,-14.017692565917969
40,29,42.294197,-13.294197082519531
40,28,41.178436,-13.178436279296875
40,27,41.418163,-14.418163299560547
40,26,39.012356,-13.01235580444336
40,25,40.961998,-15.961997985839844
40,24,41.119907,-17.11990737915039
40,23,40.894913,-17.894912719726562
40,22,38.382137,-16.382137298583984
40,21,37.301266,-16.301265716552734
40,20,35.549316,-15.54931640625
40,19,34.61585,-15.615848541259766
40,18,34.343002,-16.343002319335938
40,17,32.993088,-15.993087768554688
40,16,33.019238,-17.019237518310547
40,15,31.97151,-16.97150993347168
40,14,30.569677,-16.569677352905273
40,13,29.923723,-16.923723220825195
40,12,27.2159,-15.215900421142578
40,11,25.789057,-14.789056777954102
40,10,23.702242,-13.702241897583008
40,9,23.354372,-14.354372024536133
40,8,21.807943,-13.807943344116211
40,7,21.870733,-14.870733261108398
40,6,19.539661,-13.539661407470703
40,5,18.94329,-13.943290710449219
40,4,17.817663,-13.817663192749023
40,3,17.224983,-14.224983215332031
40,2,15.116283,-13.116283416748047
40,1,13.133938,-12.13393783569336
40,0,11.738182,-11.738182067871094
45,38,54.36218,-16.362178802490234
45,37,54.610096,-17.610095977783203
45,36,52.549305,-16.549304962158203
45,35,51.312447,-16.31244659423828
45,34,51.302807,-17.302806854248047
45,33,51.035255,-18.035255432128906
45,32,50.98267,-18.982669830322266
45,31,50.606403,-19.606403350830078
45,30,48.775986,-18.775985717773438
45,29,46.17029,-17.170291900634766
45,28,46.18969,-18.18968963623047
45,27,43.92849,-16.928489685058594
45,26,40.60061,-14.600608825683594
45,25,39.8774,-14.877399444580078
45,24,37.526363,-13.526363372802734
45,23,35.18178,-12.181781768798828
45,22,33.84432,-11.844318389892578
45,21,33.852608,-12.852607727050781
45,20,32.31164,-12.311641693115234
45,19,30.484007,-11.484006881713867
45,18,28.888847,-10.888847351074219
45,17,26.926153,-9.926153182983398
45,16,26.259354,-10.259353637695312
45,15,27.829947,-12.829946517944336
45,14,28.10287,-14.10287094116211
45,13,25.269262,-12.269262313842773
45,12,23.78201,-11.78200912475586
45,11,22.547033,-11.547033309936523
45,10,20.909235,-10.909235000610352
45,9,19.320839,-10.320838928222656
45,8,17.510204,-9.510204315185547
45,7,17.274773,-10.274772644042969
45,6,17.15625,-11.15625
45,5,15.923313,-10.92331314086914
45,4,14.132815,-10.13281536102295
45,3,12.807093,-9.807092666625977
45,2,11.521366,-9.521366119384766
45,1,9.838439,-8.838438987731934
45,0,8.81554,-8.815540313720703
46,100,98.16571,1.83428955078125
46,100,95.87162,4.128379821777344
46,100,94.0429,5.957099914550781
46,100,94.1424,5.857597351074219
46,100,96.19078,3.8092193603515625
46,100,97.549416,2.4505844116210938
46,100,97.71791,2.2820892333984375
46,100,98.24115,1.75885009765625
46,100,98.659744,1.3402557373046875
46,100,98.715996,1.2840042114257812
46,100,98.65697,1.3430328369140625
46,100,98.391975,1.6080245971679688
46,100,98.12055,1.8794479370117188
46,100,98.10882,1.8911819458007812
46,100,98.15952,1.8404769897460938
46,100,98.34205,1.6579513549804688
46,100,98.18346,1.8165435791015625
46,100,98.4104,1.589599609375
46,100,98.454475,1.5455245971679688
46,100,98.76838,1.2316207885742188
46,100,98.87705,1.1229476928710938
46,100,98.8124,1.1875991821289062
46,100,98.41743,1.5825729370117188
46,100,98.62487,1.3751296997070312
46,100,98.70114,1.298858642578125
46,100,98.43903,1.5609664916992188
46,100,98.05335,1.9466476440429688
46,100,97.79762,2.2023773193359375
46,100,98.27452,1.7254791259765625
46,100,96.45128,3.5487213134765625
46,100,94.668465,5.331535339355469
46,100,93.60771,6.3922882080078125
46,100,91.11489,8.885108947753906
46,100,88.48916,11.510841369628906
46,100,88.06965,11.930351257324219
46,100,84.75684,15.243156433105469
46,100,83.803185,16.196815490722656
46,99,82.72813,16.271873474121094
46,98,83.646385,14.353614807128906
46,97,84.92985,12.070152282714844
46,96,84.29502,11.704978942871094
46,95,85.22993,9.770072937011719
46,94,84.3461,9.653900146484375
46,93,81.065895,11.934104919433594
46,92,77.327194,14.672805786132812
46,91,75.24153,15.758468627929688
46,90,73.19178,16.80821990966797
46,89,70.53525,18.464752197265625
46,88,73.956276,14.043724060058594
46,87,70.48357,16.516433715820312
46,86,72.82094,13.179061889648438
46,85,76.34302,8.656982421875
46,84,75.55445,8.445549011230469
46,83,74.87253,8.127471923828125
46,82,69.66836,12.331642150878906
46,81,67.912346,13.087654113769531
46,80,64.70402,15.295982360839844
46,79,64.07073,14.929267883300781
46,78,63.86341,14.136589050292969
46,77,60.695465,16.304534912109375
46,76,58.42227,17.577728271484375
46,75,57.32955,17.670448303222656
46,74,56.0664,17.93360137939453
46,73,54.04636,18.95363998413086
46,72,53.8892,18.110801696777344
46,71,52.33829,18.66170883178711
46,70,54.55474,15.445259094238281
46,69,53.909294,15.090705871582031
46,68,53.128242,14.871757507324219
46,67,50.25536,16.744640350341797
46,66,51.322624,14.677375793457031
46,65,51.2112,13.788799285888672
46,64,51.06101,12.93899154663086
46,63,50.987797,12.012203216552734
46,62,51.7924,10.207599639892578
46,61,49.11663,11.883369445800781
46,60,48.334774,11.665225982666016
46,59,49.267,9.733001708984375
46,58,46.580925,11.419075012207031
46,57,45.28314,11.716861724853516
46,56,43.670956,12.329044342041016
46,55,42.015644,12.984355926513672
46,54,42.211437,11.788562774658203
46,53,40.79675,12.203250885009766
46,52,41.121277,10.87872314453125
46,51,42.29253,8.707469940185547
46,50,43.386143,6.613857269287109
46,49,44.23857,4.7614288330078125
46,48,44.127457,3.8725433349609375
46,47,43.282757,3.717243194580078
46,46,40.966393,5.033607482910156
46,45,41.27688,3.7231216430664062
46,44,42.61991,1.3800888061523438
46,43,42.93938,0.060619354248046875
46,42,42.973557,-0.9735565185546875
46,41,42.54413,-1.54412841796875
46,40,41.300842,-1.30084228515625
46,39,39.01032,-0.010318756103515625
46,38,36.831776,1.1682243347167969
46,37,35.822838,1.1771621704101562
46,36,34.834446,1.1655540466308594
46,35,33.06706,1.9329414367675781
46,34,33.4669,0.5331001281738281
46,33,34.34704,-1.3470382690429688
46,32,33.771965,-1.7719650268554688
46,31,31.381153,-0.3811531066894531
46,30,32.23972,-2.2397193908691406
46,29,31.096659,-2.096658706665039
46,28,31.01027,-3.0102691650390625
46,27,30.86712,-3.8671207427978516
46,26,29.269823,-3.2698230743408203
46,25,28.453154,-3.453153610229492
46,24,28.643837,-4.643836975097656
46,23,27.516312,-4.5163116455078125
46,22,26.719328,-4.719327926635742
46,21,24.240276,-3.240276336669922
46,20,24.336226,-4.336225509643555
46,19,24.084833,-5.084833145141602
46,18,22.034372,-4.034372329711914
46,17,20.028162,-3.0281620025634766
46,16,19.248652,-3.2486515045166016
46,15,20.496374,-5.496374130249023
46,14,19.066671,-5.066671371459961
46,13,17.27917,-4.279169082641602
46,12,17.412827,-5.4128265380859375
46,11,15.987774,-4.987773895263672
46,10,14.770348,-4.770347595214844
46,9,13.784487,-4.784486770629883
46,8,12.251895,-4.251894950866699
46,7,11.337472,-4.337471961975098
46,6,10.1974535,-4.197453498840332
46,5,8.960696,-3.960696220397949
46,4,7.5938625,-3.593862533569336
46,3,6.3444405,-3.344440460205078
46,2,5.6865273,-3.6865272521972656
46,1,4.9552326,-3.955232620239258
46,0,4.131682,-4.1316819190979
54,100,98.73163,1.26837158203125
54,100,98.66864,1.33135986328125
54,100,98.53829,1.4617080688476562
54,100,98.59683,1.403167724609375
54,100,98.51407,1.485931396484375
54,100,98.450966,1.5490341186523438
54,100,98.42101,1.5789871215820312
54,100,98.03933,1.9606704711914062
54,100,98.34805,1.651947021484375
54,100,98.43775,1.5622482299804688
54,100,98.200676,1.7993240356445312
54,100,97.07839,2.9216079711914062
54,100,97.389656,2.6103439331054688
54,100,96.320656,3.6793441772460938
54,100,95.67416,4.325843811035156
54,100,96.018135,3.9818649291992188
54,100,96.58293,3.4170684814453125
54,100,93.79792,6.202079772949219
54,100,90.944534,9.055465698242188
54,100,91.443245,8.556755065917969
54,100,92.21367,7.7863311767578125
54,100,93.39934,6.6006622314453125
54,100,93.26212,6.737876892089844
54,100,93.89859,6.101409912109375
54,100,94.823814,5.176185607910156
54,100,94.59311,5.406890869140625
54,100,94.069565,5.9304351806640625
54,100,94.56231,5.437690734863281
54,100,95.67979,4.320213317871094
54,100,96.17318,3.8268203735351562
54,100,96.043106,3.9568939208984375
54,100,96.402435,3.597564697265625
54,100,96.57515,3.4248504638671875
54,100,96.49951,3.50048828125
54,100,97.08457,2.9154281616210938
54,100,96.81257,3.1874313354492188
54,100,96.77975,3.2202529907226562
54,100,96.17171,3.8282928466796875
54,99,95.6555,3.3444976806640625
54,98,95.737976,2.26202392578125
54,97,95.40727,1.5927276611328125
54,96,93.667015,2.3329849243164062
54,95,92.60034,2.399658203125
54,94,92.507614,1.4923858642578125
54,93,90.39502,2.60498046875
54,92,89.982834,2.0171661376953125
54,91,89.03209,1.9679107666015625
54,90,87.03651,2.9634933471679688
54,89,84.288216,4.711784362792969
54,88,80.379326,7.620674133300781
54,87,78.61065,8.389350891113281
54,86,78.00579,7.994209289550781
54,85,78.85927,6.1407318115234375
54,84,75.69054,8.309463500976562
54,83,76.16997,6.8300323486328125
54,82,71.876816,10.123184204101562
54,81,71.991875,9.008125305175781
54,80,73.02982,6.970176696777344
54,79,73.24005,5.75994873046875
54,78,74.99193,3.0080718994140625
54,77,75.73379,1.2662124633789062
54,76,75.84684,0.15316009521484375
54,75,76.48719,-1.4871902465820312
54,74,74.17918,-0.17917633056640625
54,73,71.65107,1.3489303588867188
54,72,69.22389,2.7761077880859375
54,71,64.866104,6.1338958740234375
54,70,62.64962,7.350379943847656
54,69,64.34361,4.6563873291015625
54,68,66.32624,1.6737594604492188
54,67,64.68122,2.3187789916992188
54,66,64.26309,1.736907958984375
54,65,64.36244,0.6375579833984375
54,64,63.383366,0.6166343688964844
54,63,61.68333,1.3166694641113281
54,62,60.356483,1.6435165405273438
54,61,58.87555,2.12445068359375
54,60,58.254486,1.745513916015625
54,59,56.282986,2.7170143127441406
54,58,55.21953,2.7804718017578125
54,57,54.375698,2.6243019104003906
54,56,51.76713,4.232868194580078
54,55,52.541134,2.4588661193847656
54,54,51.271,2.7290000915527344
54,53,51.17404,1.825958251953125
54,52,51.4981,0.5018997192382812
54,51,50.99187,0.008129119873046875
54,50,49.184135,0.8158645629882812
54,49,47.745117,1.2548828125
54,48,46.864624,1.1353759765625
54,47,45.829838,1.1701622009277344
54,46,44.142162,1.8578376770019531
54,45,42.56441,2.435588836669922
54,44,40.879948,3.1200523376464844
54,43,39.685482,3.3145179748535156
54,42,38.906807,3.0931930541992188
54,41,39.18955,1.8104515075683594
54,40,37.906353,2.093647003173828
54,39,35.99245,3.007549285888672
54,38,36.753754,1.246246337890625
54,37,36.41389,0.5861091613769531
54,36,36.287262,-0.287261962890625
54,35,35.259483,-0.25948333740234375
54,34,35.12343,-1.1234283447265625
54,33,35.45638,-2.456378936767578
54,32,34.22553,-2.2255287170410156
54,31,32.131317,-1.131317138671875
54,30,30.901922,-0.9019222259521484
54,29,31.54912,-2.5491199493408203
54,28,32.061684,-4.061683654785156
54,27,30.900461,-3.900461196899414
54,26,29.84541,-3.845409393310547
54,25,27.687405,-2.6874046325683594
54,24,26.301418,-2.3014183044433594
54,23,24.802643,-1.802642822265625
54,22,24.696507,-2.6965065002441406
54,21,23.723368,-2.723367691040039
54,20,22.462296,-2.4622955322265625
54,19,21.005983,-2.005983352661133
54,18,20.34754,-2.3475399017333984
54,17,19.591211,-2.5912113189697266
54,16,19.445713,-3.4457130432128906
54,15,17.929005,-2.929004669189453
54,14,17.945873,-3.945873260498047
54,13,15.788331,-2.7883310317993164
54,12,15.023046,-3.023045539855957
54,11,14.720122,-3.7201223373413086
54,10,14.178488,-4.178487777709961
54,9,12.911836,-3.9118356704711914
54,8,11.136868,-3.1368675231933594
54,7,10.403357,-3.4033565521240234
54,6,9.586979,-3.5869789123535156
54,5,8.711401,-3.7114009857177734
54,4,8.068401,-4.068401336669922
54,3,6.6834345,-3.68343448638916
54,2,5.25401,-3.2540102005004883
54,1,4.581775,-3.581775188446045
54,0,3.806033,-3.80603289604187
71,88,96.04409,-8.044090270996094
71,87,95.14508,-8.14508056640625
71,86,92.708115,-6.7081146240234375
71,85,91.65178,-6.6517791748046875
71,84,91.12244,-7.1224365234375
71,83,91.83183,-8.831832885742188
71,82,89.94536,-7.9453582763671875
71,81,87.243416,-6.243415832519531
71,80,82.24145,-2.2414474487304688
71,79,76.02958,2.9704208374023438
71,78,75.8093,2.1906967163085938
71,77,75.22897,1.771026611328125
71,76,78.27063,-2.2706298828125
71,75,71.05906,3.9409408569335938
71,74,73.198425,0.80157470703125
71,73,68.167145,4.832855224609375
71,72,73.428925,-1.428924560546875
71,71,70.88118,0.1188201904296875
71,70,67.37134,2.628662109375
71,69,66.71636,2.2836380004882812
71,68,67.62392,0.3760833740234375
71,67,68.60103,-1.6010284423828125
71,66,70.39357,-4.3935699462890625
71,65,66.50322,-1.5032196044921875
71,64,65.58334,-1.583343505859375
71,63,65.38884,-2.3888397216796875
71,62,62.736008,-0.7360076904296875
71,61,59.548416,1.4515838623046875
71,60,56.282257,3.717742919921875
71,59,55.777157,3.2228431701660156
71,58,55.54391,2.4560890197753906
71,57,56.478107,0.5218925476074219
71,56,55.59694,0.4030609130859375
71,55,54.73323,0.2667694091796875
71,54,52.539154,1.460845947265625
71,53,49.804966,3.1950340270996094
71,52,50.12597,1.8740310668945312
71,51,51.02346,-0.02346038818359375
71,50,50.417362,-0.4173622131347656
71,49,49.451504,-0.4515037536621094
71,48,46.959682,1.0403175354003906
71,47,47.10384,-0.10383987426757812
71,46,47.641296,-1.64129638671875
71,45,46.847946,-1.8479461669921875
71,44,46.94938,-2.9493789672851562
71,43,45.553745,-2.5537452697753906
71,42,44.37307,-2.3730697631835938
71,41,42.76589,-1.7658882141113281
71,40,41.771553,-1.7715530395507812
71,39,42.635082,-3.635082244873047
71,38,41.745476,-3.7454757690429688
71,37,39.343174,-2.3431739807128906
71,36,38.368217,-2.3682174682617188
71,35,36.85239,-1.8523902893066406
71,34,36.90707,-2.9070701599121094
71,33,35.928738,-2.9287376403808594
71,32,35.086082,-3.0860824584960938
71,31,33.07421,-2.0742111206054688
71,30,31.960043,-1.960042953491211
71,29,31.415575,-2.4155750274658203
71,28,29.957056,-1.9570560455322266
71,27,29.798145,-2.798145294189453
71,26,28.853476,-2.853475570678711
71,25,28.006403,-3.0064029693603516
71,24,28.708776,-4.708776473999023
71,23,27.826458,-4.826457977294922
71,22,27.409472,-5.40947151184082
71,21,27.137875,-6.137874603271484
71,20,24.928186,-4.928186416625977
71,19,23.449366,-4.449365615844727
71,18,22.639133,-4.639133453369141
71,17,20.885077,-3.8850765228271484
71,16,20.12643,-4.126430511474609
71,15,20.41946,-5.419460296630859
71,14,20.290636,-6.29063606262207
71,13,20.275415,-7.275415420532227
71,12,18.600727,-6.600727081298828
71,11,17.497065,-6.497064590454102
71,10,17.01065,-7.010650634765625
71,9,15.297935,-6.297934532165527
71,8,13.487569,-5.4875688552856445
71,7,11.792225,-4.792224884033203
71,6,11.337736,-5.337736129760742
71,5,10.518446,-5.51844596862793
71,4,9.977776,-5.977775573730469
71,3,9.111726,-6.111725807189941
71,2,8.599721,-6.5997209548950195
71,1,7.7533264,-6.753326416015625
71,0,7.0109196,-7.010919570922852
74,46,52.787914,-6.787914276123047
74,45,50.638958,-5.638957977294922
74,44,49.486954,-5.4869537353515625
74,43,48.26165,-5.261650085449219
74,42,48.229065,-6.22906494140625
74,41,46.955875,-5.955875396728516
74,40,47.658344,-7.658344268798828
74,39,46.62907,-7.629070281982422
74,38,42.63624,-4.636238098144531
74,37,41.936676,-4.936676025390625
74,36,40.31471,-4.314708709716797
74,35,35.91438,-0.9143791198730469
74,34,33.55092,0.4490814208984375
74,33,31.274452,1.7255477905273438
74,32,30.044508,1.9554920196533203
74,31,29.476833,1.5231666564941406
74,30,28.440908,1.559091567993164
74,29,30.97277,-1.9727706909179688
74,28,31.173578,-3.1735782623291016
74,27,31.717642,-4.717641830444336
74,26,31.633154,-5.633153915405273
74,25,30.216465,-5.216464996337891
74,24,29.375957,-5.375957489013672
74,23,28.638788,-5.638788223266602
74,22,29.166151,-7.16615104675293
74,21,29.884405,-8.884405136108398
74,20,28.259,-8.259000778198242
74,19,27.844883,-8.84488296508789
74,18,27.329542,-9.32954216003418
74,17,26.618347,-9.61834716796875
74,16,23.81203,-7.812030792236328
74,15,23.194204,-8.194204330444336
74,14,23.215635,-9.215635299682617
74,13,22.065235,-9.065235137939453
74,12,21.731035,-9.731035232543945
74,11,20.849426,-9.84942626953125
74,10,18.80637,-8.80636978149414
74,9,18.522663,-9.522663116455078
74,8,16.796082,-8.79608154296875
74,7,15.516512,-8.516511917114258
74,6,13.60643,-7.6064300537109375
74,5,12.000446,-7.000446319580078
74,4,11.1751795,-7.175179481506348
74,3,9.679843,-6.679842948913574
74,2,8.327218,-6.327218055725098
74,1,8.034978,-7.034977912902832
74,0,6.671015,-6.671014785766602
77,34,46.607697,-12.607696533203125
77,33,46.501587,-13.5015869140625
77,32,46.595352,-14.595352172851562
77,31,48.95938,-17.959381103515625
77,30,48.454536,-18.45453643798828
77,29,46.03618,-17.036178588867188
77,28,44.687584,-16.687583923339844
77,27,42.297993,-15.297992706298828
77,26,39.981407,-13.981407165527344
77,25,37.058792,-12.058792114257812
77,24,34.774456,-10.774456024169922
77,23,34.927322,-11.927322387695312
77,22,33.465286,-11.465286254882812
77,21,33.970425,-12.97042465209961
77,20,34.249054,-14.249053955078125
77,19,33.11077,-14.110771179199219
77,18,31.418896,-13.418895721435547
77,17,29.831657,-12.831657409667969
77,16,29.234612,-13.234611511230469
77,15,29.378576,-14.378576278686523
77,14,28.5541,-14.554100036621094
77,13,27.412241,-14.412240982055664
77,12,27.07344,-15.073440551757812
77,11,26.144114,-15.144113540649414
77,10,23.742502,-13.742502212524414
77,9,22.273617,-13.273616790771484
77,8,20.867334,-12.867334365844727
77,7,20.294847,-13.29484748840332
77,6,20.134304,-14.13430404663086
77,5,17.304855,-12.304855346679688
77,4,14.183901,-10.183900833129883
77,3,14.562751,-11.562750816345215
77,2,14.0686865,-12.068686485290527
77,1,12.106743,-11.106742858886719
77,0,10.961028,-10.961028099060059
78,100,98.05529,1.9447097778320312
78,100,98.20623,1.7937698364257812
78,100,98.41173,1.5882720947265625
78,100,98.43013,1.5698699951171875
78,100,98.30983,1.6901702880859375
78,100,97.55043,2.4495697021484375
78,100,96.024605,3.9753952026367188
78,100,96.22696,3.773040771484375
78,100,96.06354,3.93646240234375
78,100,96.98076,3.0192413330078125
78,100,96.83194,3.168060302734375
78,100,97.98388,2.0161209106445312
78,99,98.16895,0.8310470581054688
78,98,98.316696,-0.3166961669921875
78,97,98.103096,-1.1030960083007812
78,96,98.45282,-2.45281982421875
78,95,98.07424,-3.0742416381835938
78,94,96.78906,-2.7890625
78,93,95.90724,-2.9072418212890625
78,92,95.94761,-3.9476089477539062
78,91,95.5479,-4.5478973388671875
78,90,95.862885,-5.862884521484375
78,89,96.2683,-7.268302917480469
78,88,96.168915,-8.168914794921875
78,87,93.45713,-6.457130432128906
78,86,90.524536,-4.5245361328125
78,85,90.82347,-5.8234710693359375
78,84,91.80289,-7.802886962890625
78,83,92.721535,-9.721534729003906
78,82,93.79347,-11.793472290039062
78,81,93.02373,-12.023727416992188
78,80,93.401924,-13.401924133300781
78,79,93.95357,-14.953567504882812
78,78,91.53596,-13.535957336425781
78,77,92.40208,-15.402076721191406
78,76,91.11108,-15.111076354980469
78,75,91.88169,-16.881690979003906
78,74,90.949356,-16.949356079101562
78,73,92.10777,-19.107772827148438
78,72,86.679756,-14.679756164550781
78,71,80.082085,-9.082084655761719
78,70,77.160614,-7.160614013671875
78,69,76.4688,-7.468803405761719
78,68,71.4565,-3.4564971923828125
78,67,68.66507,-1.665069580078125
78,66,67.560394,-1.560394287109375
78,65,65.9369,-0.9368972778320312
78,64,65.02602,-1.0260162353515625
78,63,65.42402,-2.4240188598632812
78,62,64.09769,-2.097686767578125
78,61,59.404823,1.5951766967773438
78,60,59.271996,0.7280044555664062
78,59,59.712315,-0.7123146057128906
78,58,59.006695,-1.0066947937011719
78,57,58.642845,-1.6428451538085938
78,56,56.721222,-0.721221923828125
78,55,57.073776,-2.0737762451171875
78,54,55.37143,-1.371429443359375
78,53,53.279354,-0.2793540954589844
78,52,52.932438,-0.9324378967285156
78,51,48.142715,2.8572845458984375
78,50,46.855595,3.1444053649902344
78,49,44.815132,4.184867858886719
78,48,43.231483,4.768516540527344
78,47,42.711445,4.288555145263672
78,46,43.27265,2.7273483276367188
78,45,40.00032,4.9996795654296875
78,44,38.08379,5.916210174560547
78,43,34.954666,8.045333862304688
78,42,35.032124,6.967876434326172
78,41,35.289223,5.710777282714844
78,40,34.897144,5.102855682373047
78,39,34.107365,4.892635345458984
78,38,33.044083,4.9559173583984375
78,37,31.98578,5.014219284057617
78,36,32.10484,3.895160675048828
78,35,33.20187,1.7981300354003906
78,34,31.860054,2.1399459838867188
78,33,29.472553,3.527446746826172
78,32,28.163742,3.8362579345703125
78,31,27.177013,3.822986602783203
78,30,27.425879,2.5741214752197266
78,29,30.23291,-1.23291015625
78,28,30.986755,-2.98675537109375
78,27,29.513458,-2.513458251953125
78,26,28.47002,-2.470020294189453
78,25,28.160307,-3.160306930541992
78,24,27.55496,-3.554960250854492
78,23,26.08687,-3.0868701934814453
78,22,25.573248,-3.5732479095458984
78,21,24.710775,-3.710775375366211
78,20,23.446861,-3.4468612670898438
78,19,23.475397,-4.475397109985352
78,18,24.062178,-6.062177658081055
78,17,24.620598,-7.620597839355469
78,16,23.430464,-7.430463790893555
78,15,22.797256,-7.7972564697265625
78,14,22.607092,-8.607091903686523
78,13,19.918432,-6.918432235717773
78,12,18.394491,-6.394491195678711
78,11,18.971272,-7.971271514892578
78,10,17.701544,-7.701543807983398
78,9,16.854113,-7.85411262512207
78,8,16.45749,-8.457490921020508
78,7,15.019909,-8.019908905029297
78,6,12.243186,-6.243185997009277
78,5,10.69069,-5.690690040588379
78,4,9.585898,-5.585898399353027
78,3,9.004161,-6.0041608810424805
78,2,8.148273,-6.148273468017578
78,1,7.0724745,-6.072474479675293
78,0,6.159219,-6.159218788146973
81,100,71.63881,28.361190795898438
81,100,74.08363,25.916366577148438
81,100,75.282455,24.717544555664062
81,100,76.861946,23.13805389404297
81,100,77.2949,22.705101013183594
81,100,78.374596,21.625404357910156
81,100,80.520966,19.479034423828125
81,100,82.05792,17.94207763671875
81,100,83.50503,16.494972229003906
81,100,83.27081,16.72918701171875
81,100,84.75342,15.24658203125
81,100,82.551285,17.448715209960938
81,100,82.32664,17.673362731933594
81,100,83.02733,16.972671508789062
81,100,84.78902,15.210983276367188
81,100,86.042175,13.95782470703125
81,100,84.93665,15.063346862792969
81,100,82.67704,17.322959899902344
81,100,85.423836,14.576164245605469
81,100,86.59521,13.404792785644531
81,100,85.61365,14.3863525390625
81,99,86.83225,12.167747497558594
81,98,85.12223,12.877769470214844
81,97,84.03077,12.969230651855469
81,96,84.42204,11.577957153320312
81,95,82.87018,12.12982177734375
81,94,84.772934,9.227066040039062
81,93,87.02219,5.977813720703125
81,92,87.9715,4.02850341796875
81,91,86.793,4.207000732421875
81,90,85.47422,4.525779724121094
81,89,84.113594,4.886405944824219
81,88,83.89917,4.100830078125
81,87,86.23861,0.7613906860351562
81,86,87.330475,-1.330474853515625
81,85,88.681335,-3.68133544921875
81,84,91.979805,-7.979804992675781
81,83,93.15083,-10.150833129882812
81,82,92.827995,-10.827995300292969
81,81,92.9449,-11.944900512695312
81,80,92.22262,-12.222618103027344
81,79,91.109566,-12.109565734863281
81,78,90.51931,-12.519309997558594
81,77,90.7007,-13.700698852539062
81,76,89.78244,-13.782440185546875
81,75,87.370514,-12.370513916015625
81,74,88.1112,-14.111198425292969
81,73,86.30296,-13.302963256835938
81,72,81.478516,-9.478515625
81,71,77.125885,-6.125885009765625
81,70,73.87557,-3.8755722045898438
81,69,73.721794,-4.721794128417969
81,68,71.451836,-3.4518356323242188
81,67,71.79503,-4.7950286865234375
81,66,71.520065,-5.5200653076171875
81,65,70.758484,-5.75848388671875
81,64,68.68798,-4.687980651855469
81,63,67.979675,-4.97967529296875
81,62,67.27043,-5.2704315185546875
81,61,66.178406,-5.17840576171875
81,60,64.32548,-4.325477600097656
81,59,61.354313,-2.3543128967285156
81,58,57.944443,0.0555572509765625
81,57,58.530796,-1.5307960510253906
81,56,57.79905,-1.7990493774414062
81,55,55.50467,-0.504669189453125
81,54,54.160225,-0.16022491455078125
81,53,53.258953,-0.2589530944824219
81,52,53.06611,-1.0661087036132812
81,51,52.95186,-1.9518585205078125
81,50,53.299835,-3.299835205078125
81,49,51.403294,-2.4032936096191406
81,48,49.00303,-1.0030288696289062
81,47,49.17351,-2.173511505126953
81,46,48.057545,-2.057544708251953
81,45,47.569733,-2.569732666015625
81,44,46.60535,-2.6053504943847656
81,43,44.28802,-1.2880210876464844
81,42,43.12924,-1.1292381286621094
81,41,43.11806,-2.118061065673828
81,40,44.37446,-4.374458312988281
81,39,44.64646,-5.646461486816406
81,38,42.724636,-4.724636077880859
81,37,40.720524,-3.7205238342285156
81,36,39.151604,-3.1516036987304688
81,35,40.136284,-5.136283874511719
81,34,38.647663,-4.647663116455078
81,33,37.320454,-4.320453643798828
81,32,36.98224,-4.98223876953125
81,31,34.905033,-3.9050331115722656
81,30,36.270634,-6.270633697509766
81,29,33.70185,-4.701850891113281
81,28,32.739864,-4.739864349365234
81,27,30.587566,-3.587566375732422
81,26,31.21206,-5.212060928344727
81,25,30.616243,-5.616243362426758
81,24,28.584457,-4.5844573974609375
81,23,27.694954,-4.694953918457031
81,22,26.162783,-4.162782669067383
81,21,27.78755,-6.78754997253418
81,20,28.933178,-8.933177947998047
81,19,28.27248,-9.272480010986328
81,18,27.754774,-9.75477409362793
81,17,25.74809,-8.748090744018555
81,16,25.418936,-9.418935775756836
81,15,25.249052,-10.249052047729492
81,14,25.304573,-11.304573059082031
81,13,24.225092,-11.225091934204102
81,12,22.539385,-10.539384841918945
81,11,22.086678,-11.086677551269531
81,10,22.126236,-12.126235961914062
81,9,22.34837,-13.348369598388672
81,8,21.012362,-13.012361526489258
81,7,19.329353,-12.329353332519531
81,6,20.532194,-14.532194137573242
81,5,19.636782,-14.636781692504883
81,4,17.312506,-13.312505722045898
81,3,15.542455,-12.542454719543457
81,2,15.09578,-13.095780372619629
81,1,14.313567,-13.313567161560059
81,0,12.883881,-12.883880615234375
84,100,91.66646,8.333541870117188
84,100,92.7261,7.273902893066406
84,100,93.64978,6.3502197265625
84,100,93.98943,6.010566711425781
84,100,94.310875,5.689125061035156
84,100,94.58372,5.416282653808594
84,100,94.106964,5.893035888671875
84,100,93.42653,6.5734710693359375
84,100,93.14959,6.850410461425781
84,100,94.05277,5.947227478027344
84,100,93.70046,6.299537658691406
84,100,93.961754,6.038246154785156
84,100,94.34163,5.6583709716796875
84,100,93.678955,6.321044921875
84,100,93.255775,6.744224548339844
84,100,92.36604,7.6339569091796875
84,100,90.4857,9.514297485351562
84,100,90.20783,9.792167663574219
84,100,91.1744,8.825599670410156
84,100,91.965775,8.034225463867188
84,100,92.25664,7.7433624267578125
84,100,92.4147,7.585296630859375
84,100,92.100105,7.899894714355469
84,100,92.216484,7.783515930175781
84,100,91.09112,8.908882141113281
84,100,90.24018,9.759819030761719
84,100,90.28911,9.710891723632812
84,100,91.12693,8.873069763183594
84,100,92.47935,7.520652770996094
84,100,92.75837,7.241630554199219
84,100,93.30214,6.6978607177734375
84,100,92.15699,7.843009948730469
84,100,91.260315,8.73968505859375
84,100,90.18031,9.819686889648438
84,100,88.579704,11.420295715332031
84,100,86.36837,13.631629943847656
84,100,84.09856,15.901443481445312
84,100,82.83414,17.165863037109375
84,100,79.106735,20.893264770507812
84,100,77.41317,22.586830139160156
84,100,78.71062,21.289382934570312
84,100,80.20373,19.79627227783203
84,100,81.4305,18.569503784179688
84,100,83.65857,16.3414306640625
84,100,85.168396,14.83160400390625
84,100,86.53924,13.460762023925781
84,100,87.899086,12.100914001464844
84,100,88.09966,11.900337219238281
84,99,85.85634,13.143661499023438
84,98,85.32621,12.673789978027344
84,97,84.368675,12.631324768066406
84,96,84.28957,11.710426330566406
84,95,85.49744,9.5025634765625
84,94,87.20191,6.798088073730469
84,93,87.87379,5.126213073730469
84,92,87.68043,4.319572448730469
84,91,87.420685,3.579315185546875
84,90,85.82272,4.177276611328125
84,89,83.93328,5.066719055175781
84,88,83.25594,4.744056701660156
84,87,83.72054,3.2794570922851562
84,86,82.95297,3.047027587890625
84,85,80.78401,4.2159881591796875
84,84,81.511,2.4889984130859375
84,83,84.03517,-1.0351715087890625
84,82,84.19864,-2.198638916015625
84,81,84.569244,-3.569244384765625
84,80,85.14349,-5.14349365234375
84,79,84.38098,-5.3809814453125
84,78,85.17344,-7.173439025878906
84,77,86.01408,-9.014076232910156
84,76,86.67866,-10.678657531738281
84,75,87.56924,-12.569236755371094
84,74,87.123924,-13.123924255371094
84,73,87.35217,-14.3521728515625
84,72,85.74357,-13.743568420410156
84,71,84.493546,-13.493545532226562
84,70,83.344955,-13.344955444335938
84,69,83.79042,-14.790420532226562
84,68,83.48144,-15.481437683105469
84,67,83.252884,-16.252883911132812
84,66,81.5189,-15.518898010253906
84,65,81.451454,-16.451454162597656
84,64,82.66241,-18.66240692138672
84,63,81.49939,-18.4993896484375
84,62,78.91575,-16.915748596191406
84,61,78.43957,-17.43956756591797
84,60,76.71312,-16.713119506835938
84,59,74.604485,-15.604484558105469
84,58,70.77781,-12.777809143066406
84,57,67.96369,-10.963691711425781
84,56,66.89061,-10.890609741210938
84,55,66.04217,-11.042167663574219
84,54,64.537285,-10.537284851074219
84,53,61.218372,-8.218372344970703
84,52,61.070065,-9.070064544677734
84,51,60.105663,-9.105663299560547
84,50,61.926754,-11.926753997802734
84,49,62.463963,-13.46396255493164
84,48,61.908176,-13.90817642211914
84,47,61.41805,-14.418048858642578
84,46,60.251324,-14.251323699951172
84,45,58.283962,-13.28396224975586
84,44,57.597645,-13.597644805908203
84,43,56.0663,-13.066299438476562
84,42,55.807873,-13.807872772216797
84,41,54.178467,-13.178466796875
84,40,51.784176,-11.784175872802734
84,39,51.810154,-12.81015396118164
84,38,51.705963,-13.705963134765625
84,37,48.972404,-11.972404479980469
84,36,47.43139,-11.431388854980469
84,35,45.450947,-10.450946807861328
84,34,46.507767,-12.507766723632812
84,33,45.45269,-12.452690124511719
84,32,44.093338,-12.093338012695312
84,31,43.530018,-12.530017852783203
84,30,41.7036,-11.703601837158203
84,29,41.316315,-12.316314697265625
84,28,43.66805,-15.668048858642578
84,27,43.786625,-16.786624908447266
84,26,40.92802,-14.928020477294922
84,25,39.798645,-14.79864501953125
84,24,37.672157,-13.672157287597656
84,23,35.964157,-12.964157104492188
84,22,34.60969,-12.609691619873047
84,21,35.86324,-14.863239288330078
84,20,35.02018,-15.020179748535156
84,19,34.45837,-15.458370208740234
84,18,31.761469,-13.761468887329102
84,17,30.66754,-13.667539596557617
84,16,29.418596,-13.418596267700195
84,15,28.747873,-13.747873306274414
84,14,27.725546,-13.725545883178711
84,13,28.290731,-15.290731430053711
84,12,27.719288,-15.719287872314453
84,11,27.91456,-16.914560317993164
84,10,27.44168,-17.441680908203125
84,9,25.45183,-16.45182991027832
84,8,24.972795,-16.972795486450195
84,7,24.074734,-17.07473373413086
84,6,22.972095,-16.972095489501953
84,5,21.413729,-16.413728713989258
84,4,21.73532,-17.735319137573242
84,3,21.136202,-18.136201858520508
84,2,19.879753,-17.87975311279297
84,1,19.824068,-18.824068069458008
84,0,17.30845,-17.30845069885254
91,15,37.180836,-22.180835723876953
91,14,36.044975,-22.04497528076172
91,13,34.699886,-21.699886322021484
91,12,34.16243,-22.162429809570312
91,11,31.639364,-20.63936424255371
91,10,30.146303,-20.146303176879883
91,9,28.095507,-19.09550666809082
91,8,24.796322,-16.796321868896484
91,7,22.112595,-15.112594604492188
91,6,21.175919,-15.175918579101562
91,5,21.313099,-16.313098907470703
91,4,22.182919,-18.182918548583984
91,3,20.385069,-17.385068893432617
91,2,17.783808,-15.783807754516602
91,1,15.7803,-14.78030014038086
91,0,13.463829,-13.463829040527344
