engine,Actual_y_test,Predicted_y_test,error
1,112,153.98846,41.98846435546875
2,98,153.70117,55.701171875
6,93,150.68027,57.680267333984375
9,111,150.11833,39.11833190917969
13,95,71.96879,23.031211853027344
14,107,69.57467,37.425331115722656
15,83,152.17145,69.17144775390625
16,84,111.49368,27.493682861328125
22,111,154.26422,43.26422119140625
23,113,151.45892,38.45892333984375
25,145,106.649796,38.35020446777344
26,119,142.60068,23.600677490234375
27,66,98.32892,32.32891845703125
28,97,122.16126,25.16126251220703
33,106,133.59715,27.597152709960938
44,109,86.83442,22.16558074951172
45,114,88.80192,25.198081970214844
47,135,114.28208,20.717918395996094
48,92,154.12152,62.12152099609375
50,79,115.46941,36.46941375732422
54,97,127.85604,30.856040954589844
65,128,154.04941,26.049407958984375
67,77,154.17009,77.17008972167969
69,121,154.22272,33.22271728515625
71,118,149.81773,31.817733764648438
74,126,153.8643,27.864303588867188
78,107,154.28908,47.28907775878906
79,63,104.0328,41.032798767089844
80,90,132.37517,42.37516784667969
85,118,142.38208,24.382080078125
86,89,153.62863,64.62863159179688
87,116,153.9348,37.93479919433594
93,85,63.18273,21.81726837158203
97,82,113.2647,31.26470184326172
98,59,83.10848,24.108482360839844
99,117,150.51097,33.51097106933594
